{
  "scopes": [
    {
      "name": "$XSAPPNAME.Admin",
      "description": "Admin"
    },
    {
      "name": "$XSAPPNAME.Viewer",
      "description": "Viewer"
    }
  ],
  "attributes": [],
  "role-templates": [
    {
      "name": "Admin",
      "description": "generated",
      "scope-references": [
        "$XSAPPNAME.Admin"
      ],
      "attribute-references": []
    },
    {
      "name": "Viewer",
      "description": "generated",
      "scope-references": [
        "$XSAPPNAME.Viewer"
      ],
      "attribute-references": []
    }
  ],
  "oauth2-configuration": {
    "redirect-uris": [
      "http://*.localhost:4004/**",
      "https://*.hana.ondemand.com/**",
      "https://*.applicationstudio.cloud.sap/**",
      "https://oauth.pstmn.io/v1/browser-callback",
      "https://*.us10-001.hana.ondemand.com/**"
    ]
  },
  "authorities-inheritance": false
}
